bin,n,mean_pred,mean_obs
1,473,0.06770194513935904,0.029598308668076206
2,473,0.1378402050782652,0.09936575052854121
3,473,0.20376848817164836,0.1289640591966162
4,472,0.2809818247217277,0.2775423728813555
5,472,0.3697027548004816,0.33686440677965834
6,472,0.45816267366174235,0.5233050847457646
7,472,0.5453745021121437,0.5762711864406778
8,472,0.633608103937221,0.6779661016949141
9,472,0.7332821501515415,0.775423728813559
10,472,0.851067330002556,0.868644067796611
