bin,n,mean_pred,mean_obs
1,473,0.0664930661644552,0.033826638477801
2,473,0.14256778606057935,0.08879492600422816
3,473,0.21868212332455852,0.17758985200845584
4,472,0.2954066481676363,0.2775423728813555
5,472,0.37906965554833755,0.40466101694915335
6,472,0.45922039472356063,0.46610169491525566
7,472,0.5499433340701888,0.5635593220338998
8,472,0.6314234999494047,0.6567796610169473
9,472,0.7215211101508333,0.7584745762711882
10,472,0.8207155225888252,0.8665254237288125
