bin,n,mean_pred,mean_obs
1,473,0.08745974291091663,0.06553911205074027
2,473,0.17467556139104565,0.09302325581395335
3,473,0.24211957931182215,0.20507399577167026
4,472,0.3093048962294186,0.2881355932203413
5,472,0.3806305560916911,0.3813559322033888
6,472,0.4536244301426692,0.4533898305084757
7,472,0.5336659544584673,0.5677966101694892
8,472,0.6146381392515808,0.6504237288135579
9,472,0.6958943211413974,0.7542372881355925
10,472,0.7950440853279311,0.8347457627118656
