quantity,ess_total,ess_min_chain,ess_median_chain,nchain,ndpost,ess_ratio,rhat
mean_latent_fitted_value,4615.435794131015,1084.8285112462306,1151.7380020738274,4,4000,0.2884647371331885,1.0036057622312937
