quantity,ess_total,ess_min_chain,ess_median_chain,nchain,ndpost,ess_ratio,rhat
mean_latent_fitted_value,4176.7005045880305,908.742937419819,1051.3349653741707,4,4000,0.2610437815367519,1.0006720893152101
