quantity,ess_total,ess_min_chain,ess_median_chain,nchain,ndpost,ess_ratio,rhat
mean_latent_fitted_value,7205.991099804847,1696.0048326233598,1775.500849835749,4,6000,0.3002496291585353,1.0015163724761278
