quantity,value
min,1.000095621065629
q1,1.0250546691752875
median,1.049199489498765
mean,1.0670766430400005
q3,1.0887065035017363
max,1.444208852697209
