quantity,value
min,1.0000724526860363
q1,1.007411528487741
median,1.0140339809726757
mean,1.018277192992994
q3,1.0242898978552506
max,1.1226631035445616
