quantity,value
min,0.9999882006057826
q1,1.018192495925879
median,1.0384229769927846
mean,1.0596023308693128
q3,1.072752735002275
max,1.5523036963096906
