quantity,value
min,1.0001816614681476
q1,1.0049243549468958
median,1.0093948440952705
mean,1.01756758197587
q3,1.0174325683312704
max,1.4452208724512703
